Q,MEANINGS,noun,the 17th letter of the roman alphabet,letter,letter of the alphabet,alphabetic character,ANTONYMS,SYNONYMS,
QABBALA,MEANINGS,ANTONYMS,SYNONYMS,kabala,cabbalah,cabala,kabbala,qabbalah,
QABBALAH,MEANINGS,ANTONYMS,SYNONYMS,kabala,cabbalah,cabala,kabbala,qabbalah,
QADDAFI,MEANINGS,noun,libyan leader who seized power in a military coup d'etat in 1969; deposed the libyan monarchy and imposed socialism and islamic orthodoxy on the country (born in 1942),ANTONYMS,SYNONYMS,qadhafi,khadafy,muammar el-qaddafi,gaddafi,muammar al-qaddafi,
QADI,MEANINGS,noun,an islamic judge,judge,justice,jurist,ANTONYMS,SYNONYMS,qadi,
QAT,MEANINGS,ANTONYMS,SYNONYMS,african tea,khat,kat,arabian tea,cat,
QATAR,MEANINGS,noun,an arab country on the peninsula of qatar; achieved independence from the united kingdom in 1971; the economy is dominated by oil,noun,a peninsula extending northward from the arabian mainland into the persian gulf,ANTONYMS,SYNONYMS,katar peninsula,state of qatar,katar,qatar peninsula,state of katar,
QATS,MEANINGS,ANTONYMS,SYNONYMS,african tea,khat,kat,arabian tea,cat,
QED,MEANINGS,ANTONYMS,SYNONYMS,quantum electrodynamics,qed,
QIBLA,MEANINGS,noun,the direction of the kaaba toward which muslims turn for their daily prayers,direction,way,noun,a small terrorist group of muslims in south africa formed in the 1980s; was inspired by ayatollah khomeini to create an islamic state in south africa,ANTONYMS,SYNONYMS,qibla,
QINDARKA,MEANINGS,noun,100 qindarka equal 1 lek in albania,albanian monetary unit,ANTONYMS,SYNONYMS,qindarka,qintar,
QINTAR,MEANINGS,ANTONYMS,SYNONYMS,qindarka,qintar,
QINTARS,MEANINGS,ANTONYMS,SYNONYMS,qindarka,qintar,
QIS,MEANINGS,ANTONYMS,SYNONYMS,chi,qi,ki,ch'i,
QOPH,MEANINGS,noun,the 19th letter of the hebrew alphabet,letter,letter of the alphabet,alphabetic character,ANTONYMS,SYNONYMS,qoph,
QOPHS,MEANINGS,ANTONYMS,SYNONYMS,qoph,
QS,MEANINGS,ANTONYMS,SYNONYMS,q,
QSS,MEANINGS,ANTONYMS,SYNONYMS,q,
QUAALUDE,MEANINGS,ANTONYMS,SYNONYMS,methaqualone,quaalude,
QUAALUDES,MEANINGS,ANTONYMS,SYNONYMS,methaqualone,quaalude,
QUACK,MEANINGS,adjective,medically unqualified,a quack doctor,verb,act as a medical quack or a charlatan,act,behave,do,ANTONYMS,SYNONYMS,quack,
QUACKED,MEANINGS,ANTONYMS,SYNONYMS,quack,
QUACKERY,MEANINGS,noun,medical practice and advice based on observation and experience in ignorance of scientific findings,medical practice,ANTONYMS,SYNONYMS,quackery,empiricism,charlatanism,
QUACKERIES,MEANINGS,ANTONYMS,SYNONYMS,quackery,empiricism,charlatanism,
QUACKING,MEANINGS,ANTONYMS,SYNONYMS,quack,
QUACK-QUACK,MEANINGS,noun,child's word for a duck,duck,ANTONYMS,SYNONYMS,quack-quack,
QUACKS,MEANINGS,ANTONYMS,SYNONYMS,quack,
QUAD,MEANINGS,noun,(printing) a block of type without a raised letter; used for spacing between words or sentences,type,noun,a rectangular area surrounded on all sides by buildings,area,ANTONYMS,SYNONYMS,musculus quadriceps femoris,space,quadruplet,quadrangle,quadriceps,
QUADRAGESIMA,MEANINGS,noun,the first sunday in lent,christian holy day,ANTONYMS,SYNONYMS,quadragesima,quadrigesima sunday,
QUADRANGLE,MEANINGS,ANTONYMS,SYNONYMS,quadrangle,quadrilateral,tetragon,quad,
QUADRANGLES,MEANINGS,ANTONYMS,SYNONYMS,quadrangle,quadrilateral,tetragon,quad,
QUADRANGULAR,MEANINGS,adjective,of or relating to or shaped like a quadrangle,ANTONYMS,SYNONYMS,quadrangular,
QUADRANT,MEANINGS,noun,a quarter of the circumference of a circle,line,noun,any of the four areas into which a plane is divided by two orthogonal coordinate axes,area,country,noun,the area enclosed by two perpendicular radii of a circle,area,country,noun,a measuring instrument for measuring altitude of heavenly bodies,measuring instrument,measuring system,measuring device,ANTONYMS,SYNONYMS,quadrant,quarter-circle,
QUADRANTS,MEANINGS,ANTONYMS,SYNONYMS,quadrant,quarter-circle,
QUADRAPHONIC,MEANINGS,adjective,of or relating to quadraphony,his quadraphonic sound system,ANTONYMS,SYNONYMS,quadrasonic,quadriphonic,quadrisonic,quadraphonic,
QUADRATE,MEANINGS,adjective,having four sides and four angles,noun,a square-shaped object,square,foursquare,ANTONYMS,SYNONYMS,quadrate,
QUADRATES,MEANINGS,ANTONYMS,SYNONYMS,quadrate,
QUADRATIC,MEANINGS,adjective,of or relating to the second power,quadratic equation,adjective,of or relating to or resembling a square,quadratic shapes,ANTONYMS,SYNONYMS,quadratic equation,quadratic polynomial,quadratic,
QUADRATICS,MEANINGS,noun,a branch of algebra dealing with quadratic equations,algebra,ANTONYMS,SYNONYMS,quadratic,quadratic equation,quadratic polynomial,quadratics,
QUADRATURE,MEANINGS,noun,the construction of a square having the same area as some other figure,construction,ANTONYMS,SYNONYMS,quadrature,
QUADRATURES,MEANINGS,ANTONYMS,SYNONYMS,quadrature,
QUADRENNIA,MEANINGS,ANTONYMS,SYNONYMS,quadrennium,
QUADRENNIUM,MEANINGS,noun,a period of four years,time period,period of time,period,ANTONYMS,SYNONYMS,quadrennium,
QUADRENNIUMS,MEANINGS,ANTONYMS,SYNONYMS,quadrennium,
QUADRICEPS,MEANINGS,noun,a muscle of the thigh that extends the leg,extensor muscle,extensor,ANTONYMS,SYNONYMS,quad,quadriceps,quadriceps femoris,musculus quadriceps femoris,
QUADRICEPSES,MEANINGS,ANTONYMS,SYNONYMS,quad,quadriceps,quadriceps femoris,musculus quadriceps femoris,
QUADRICS,MEANINGS,ANTONYMS,SYNONYMS,quadric,quadric surface,
QUADRILATERAL,MEANINGS,adjective,having four sides,ANTONYMS,SYNONYMS,four-sided,quadrangle,quadrilateral,tetragon,
QUADRILATERALS,MEANINGS,ANTONYMS,SYNONYMS,quadrangle,quadrilateral,tetragon,
QUADRILLE,MEANINGS,noun,music for dancing the quadrille,dance music,noun,a square dance of 5 or more figures for 4 or more couples,square dance,square dancing,ANTONYMS,SYNONYMS,quadrille,
QUADRILLES,MEANINGS,ANTONYMS,SYNONYMS,quadrille,
QUADRILLION,MEANINGS,noun,the number that is represented as a one followed by 24 zeros,large integer,in england they call a septillion a quadrillion,noun,the number that is represented as a one followed by 15 zeros,large integer,ANTONYMS,SYNONYMS,quadrillion,
QUADRILLIONS,MEANINGS,ANTONYMS,SYNONYMS,quadrillion,
QUADRILLIONTH,MEANINGS,adjective,the ordinal number of one quadrillion in counting order,ANTONYMS,SYNONYMS,one-quadrillionth,quadrillionth,
QUADRILLIONTHS,MEANINGS,ANTONYMS,SYNONYMS,one-quadrillionth,quadrillionth,
QUADRIPARTITE,MEANINGS,adjective,involving four parties,ANTONYMS,SYNONYMS,four-party,quadripartite,
QUADRIPHONIC,MEANINGS,ANTONYMS,SYNONYMS,quadrasonic,quadriphonic,quadrisonic,quadraphonic,
QUADRIPLEGIA,MEANINGS,noun,paralysis of both arms and both legs,paralysis,palsy,ANTONYMS,SYNONYMS,quadriplegia,
QUADRIPLEGIC,MEANINGS,noun,a person who is paralyzed in both arms and both legs,handicapped person,ANTONYMS,SYNONYMS,quadriplegic,
QUADRIC,MEANINGS,noun,a curve or surface whose equation (in cartesian coordinates) is of the second degree,curve,curved shape,ANTONYMS,SYNONYMS,quadric,quadric surface,
QUADRIVIUM,MEANINGS,noun,(middle ages) a higher division of the curriculum in a medieval university involving arithmetic and music and geometry and astronomy,humanistic discipline,humanities,liberal arts,arts,ANTONYMS,SYNONYMS,quadrivium,
QUADROON,MEANINGS,noun,an offspring of a mulatto and a white parent; a person who is one-quarter black,mixed-blood,ANTONYMS,SYNONYMS,quadroon,
QUADROONS,MEANINGS,ANTONYMS,SYNONYMS,quadroon,
QUADRUMVIRATE,MEANINGS,noun,a group of four men,quartet,quartette,foursome,ANTONYMS,SYNONYMS,quadrumvirate,
QUADRUPED,MEANINGS,noun,an animal especially a mammal having four limbs specialized for walking,tetrapod,ANTONYMS,biped,bipedal,SYNONYMS,quadrupedal,four-footed,quadruped,
QUADRUPEDAL,MEANINGS,adjective,having four feet,ANTONYMS,biped,bipedal,SYNONYMS,quadrupedal,four-footed,quadruped,
QUADRUPEDS,MEANINGS,ANTONYMS,SYNONYMS,quadruped,
QUADRUPLE,MEANINGS,adjective,four times as great or many,a fourfold increase in the dosage,adjective,having four units or components,quadruple rhythm has four beats per measure,quadruplex wire,ANTONYMS,SYNONYMS,four-fold,fourfold,quartette,quadruplet,quadruple,
QUADRUPLED,MEANINGS,ANTONYMS,SYNONYMS,quadruple,
QUADRUPLES,MEANINGS,ANTONYMS,SYNONYMS,quadruplet,quartette,quadruple,quartet,
QUADRUPLET,MEANINGS,noun,one of four children born at the same time from the same pregnancy,sibling,sib,ANTONYMS,SYNONYMS,quaternion,foursome,quartette,4,four,
QUADRUPLETS,MEANINGS,ANTONYMS,SYNONYMS,quaternion,foursome,quartette,4,four,
QUADRUPLEX,MEANINGS,ANTONYMS,SYNONYMS,four-fold,fourfold,quadruple,quadruplicate,quadruplex,
QUADRUPLICATE,MEANINGS,verb,reproduce fourfold,reproduce,quadruplicate the bill,ANTONYMS,SYNONYMS,four-fold,fourfold,quadruple,quadruplicate,quadruplex,
QUADRUPLICATED,MEANINGS,ANTONYMS,SYNONYMS,quadruplicate,
QUADRUPLICATES,MEANINGS,ANTONYMS,SYNONYMS,quadruplicate,
QUADRUPLICATING,MEANINGS,ANTONYMS,SYNONYMS,quadruplicate,
QUADRUPLING,MEANINGS,noun,increase by a factor of four,multiplication,ANTONYMS,SYNONYMS,quadrupling,quadruple,
QUADS,MEANINGS,ANTONYMS,SYNONYMS,musculus quadriceps femoris,space,quadruplet,quadrangle,quadriceps,
QUAESTOR,MEANINGS,noun,any of several public officials of ancient rome (usually in charge of finance and administration),official,functionary,ANTONYMS,SYNONYMS,quaestor,
QUAESTORS,MEANINGS,ANTONYMS,SYNONYMS,quaestor,
QUAFF,MEANINGS,noun,a hearty draft,draft,draught,potation,tipple,ANTONYMS,SYNONYMS,swig,quaff,gulp,
QUAFFED,MEANINGS,ANTONYMS,SYNONYMS,swig,quaff,gulp,
QUAFFER,MEANINGS,noun,a person who drinks heartily,drinker,ANTONYMS,SYNONYMS,quaffer,
QUAFFERS,MEANINGS,ANTONYMS,SYNONYMS,quaffer,
QUAFFING,MEANINGS,ANTONYMS,SYNONYMS,swig,quaff,gulp,
QUAFFS,MEANINGS,ANTONYMS,SYNONYMS,swig,quaff,gulp,
QUAG,MEANINGS,ANTONYMS,SYNONYMS,morass,slack,mire,quag,quagmire,
QUAGGA,MEANINGS,noun,mammal of south africa that resembled a zebra; extinct since late 19th century,equine,equid,ANTONYMS,SYNONYMS,equus quagga,quagga,
QUAGGAS,MEANINGS,ANTONYMS,SYNONYMS,equus quagga,quagga,
QUAGGY,MEANINGS,ANTONYMS,SYNONYMS,sloppy,sloughy,muddy,miry,swampy,
QUAGGIER,MEANINGS,ANTONYMS,SYNONYMS,sloppy,sloughy,muddy,miry,swampy,
QUAGGIEST,MEANINGS,ANTONYMS,SYNONYMS,sloppy,sloughy,muddy,miry,swampy,
QUAGMIRE,MEANINGS,ANTONYMS,SYNONYMS,morass,slack,mire,quag,quagmire,
QUAGMIRES,MEANINGS,ANTONYMS,SYNONYMS,morass,slack,mire,quag,quagmire,
QUAGS,MEANINGS,ANTONYMS,SYNONYMS,morass,slack,mire,quag,quagmire,
QUAHAUG,MEANINGS,noun,atlantic coast round clams with hard shells; large clams usually used for chowders or other clam dishes,clam,ANTONYMS,SYNONYMS,venus mercenaria,quahog,quahaug,round clam,mercenaria mercenaria,
QUAHAUGS,MEANINGS,ANTONYMS,SYNONYMS,venus mercenaria,quahog,quahaug,round clam,mercenaria mercenaria,
QUAHOG,MEANINGS,noun,an edible american clam; the heavy shells were used as money by some american indians,clam,ANTONYMS,SYNONYMS,venus mercenaria,quahog,quahaug,round clam,mercenaria mercenaria,
QUAHOGS,MEANINGS,ANTONYMS,SYNONYMS,venus mercenaria,quahog,quahaug,round clam,mercenaria mercenaria,
QUAY,MEANINGS,noun,wharf usually built parallel to the shoreline,pier,wharf,wharfage,dock,ANTONYMS,SYNONYMS,quay,
QUAYAGE,MEANINGS,ANTONYMS,SYNONYMS,quayage,wharfage,
QUAYAGES,MEANINGS,ANTONYMS,SYNONYMS,quayage,wharfage,
QUAIL,MEANINGS,noun,flesh of quail; suitable for roasting or broiling if young; otherwise must be braised,wildfowl,noun,small gallinaceous game birds,phasianid,ANTONYMS,SYNONYMS,squinch,funk,recoil,shrink,quail,
QUAILED,MEANINGS,ANTONYMS,SYNONYMS,squinch,funk,recoil,shrink,quail,
QUAILING,MEANINGS,ANTONYMS,SYNONYMS,squinch,funk,recoil,shrink,quail,
QUAILS,MEANINGS,ANTONYMS,SYNONYMS,squinch,funk,recoil,shrink,quail,
QUAINT,MEANINGS,adjective,strange in an interesting or pleasing way,quaint dialect words,quaint streets of new orleans, that most foreign of american cities,adjective,very strange or unusual; odd or even incongruous in character or appearance,the head terminating in the quaint duck bill which gives the animal its vernacular name"- bill beatty,came forth a quaint and fearful sight"- sir walter scott,a quaint sense of humor,ANTONYMS,SYNONYMS,olde worlde,quaint,old-time,
QUAINTER,MEANINGS,ANTONYMS,SYNONYMS,olde worlde,quaint,old-time,
QUAINTEST,MEANINGS,ANTONYMS,SYNONYMS,olde worlde,quaint,old-time,
QUAINTLY,MEANINGS,adverb,in a strange but not unpleasant manner,the old lady expressed herself somewhat quaintly,adverb,in a quaint old-fashioned manner,the room was quaintly furnished,ANTONYMS,SYNONYMS,quaintly,
QUAINTNESS,MEANINGS,noun,the quality of being quaint and old-fashioned; its quaintness was appealing",old-fashionedness,she liked the old cottage,noun,strangeness as a consequence of being old fashioned,unfamiliarity,strangeness,some words in her dialect had a charming quaintness,ANTONYMS,SYNONYMS,quaintness,
QUAINTNESSES,MEANINGS,ANTONYMS,SYNONYMS,quaintness,
QUAYS,MEANINGS,ANTONYMS,SYNONYMS,quay,
QUAKE,MEANINGS,ANTONYMS,SYNONYMS,quake,quiver,temblor,seism,palpitate,
QUAKED,MEANINGS,ANTONYMS,SYNONYMS,quake,tremor,palpitate,quiver,
QUAKER,MEANINGS,noun,one who quakes and trembles with (or as with) fear,coward,ANTONYMS,SYNONYMS,quaker,friend,trembler,
QUAKERISM,MEANINGS,noun,the theological doctrine of the society of friends characterized by opposition to war and rejection of ritual and a formal creed and an ordained ministry,theological doctrine,ANTONYMS,SYNONYMS,quakerism,
QUAKERS,MEANINGS,ANTONYMS,SYNONYMS,quaker,friend,society of friends,trembler,religious society of friends,
QUAKES,MEANINGS,ANTONYMS,SYNONYMS,quake,quiver,temblor,seism,palpitate,
QUAKING,MEANINGS,ANTONYMS,SYNONYMS,quake,tremor,palpitate,quiver,
QUALIFY,MEANINGS,verb,prove capable or fit; meet requirements,suffice,do,answer,serve,verb,pronounce fit or able,pronounce,label,judge,she was qualified to run the marathon,they nurses were qualified to administer the injections,verb,make more specific,modify,qualify these remarks,verb,make fit or prepared,prepare,groom,train,your education qualifies you for this job,verb,describe or portray the character or the qualities or peculiarities of,remember,think of,you can characterize his behavior as that of an egotist,this poem can be characterized as a lament for a dead lover,ANTONYMS,disqualify,SYNONYMS,modify,qualify,characterize,stipulate,dispose,
QUALIFICATION,MEANINGS,noun,an attribute that must be met or complied with and that fits a person for something,fitness,fittingness,her qualifications for the job are excellent,one of the qualifications for admission is an academic degree,she has the makings of fine musician,noun,the act of modifying or changing the strength of some idea,revision,alteration,his new position involves a qualification of his party's platform,ANTONYMS,SYNONYMS,making,reservation,qualification,
QUALIFICATIONS,MEANINGS,ANTONYMS,SYNONYMS,making,reservation,qualification,
QUALIFIED,MEANINGS,adjective,meeting the proper standards and requirements and training for an office or position or task,many qualified applicants for the job,adjective,limited or restricted; not absolute,gave only qualified approval,ANTONYMS,unqualified,disqualify,SYNONYMS,dependent,modify,qualify,characterize,restricted,
QUALIFIER,MEANINGS,noun,a contestant who meets certain requirements and so qualifies to take part in the next stage of competition,contestant,the tournament was won by a late qualifier,ANTONYMS,SYNONYMS,qualifier,modifier,
QUALIFIERS,MEANINGS,ANTONYMS,SYNONYMS,qualifier,modifier,
QUALIFIES,MEANINGS,ANTONYMS,disqualify,SYNONYMS,modify,qualify,characterize,stipulate,dispose,
QUALIFYING,MEANINGS,ANTONYMS,disqualify,failing,SYNONYMS,qualifying,qualify,pass,characterize,modify,
QUALITATIVE,MEANINGS,adjective,involving distinctions based on qualities,qualitative change,qualitative data,qualitative analysis determines the chemical constituents of a substance or mixture,adjective,relating to or involving comparisons based on qualities,ANTONYMS,quantitative,SYNONYMS,qualitative,
QUALITATIVELY,MEANINGS,adverb,in a qualitative manner,this discoloration qualitatively suggests that the substance is low in inorganic iron,ANTONYMS,SYNONYMS,qualitatively,
QUALITY,MEANINGS,noun,an essential and distinguishing attribute of something or someone,attribute,the quality of mercy is not strained"--shakespeare,adjective,of high social status,people of quality,a quality family,noun,a characteristic property that defines the apparent individual nature of something,property,attribute,dimension,each town has a quality all its own,the radical character of our demands,noun,high social status,social station,social status,social rank,rank,a man of quality,ANTONYMS,SYNONYMS,select,timbre,quality,tone,prime,
QUALITIES,MEANINGS,ANTONYMS,SYNONYMS,timbre,quality,tone,timber,character,
QUALM,MEANINGS,ANTONYMS,SYNONYMS,qualm,squeamishness,misgiving,scruple,queasiness,
QUALMS,MEANINGS,ANTONYMS,SYNONYMS,qualm,squeamishness,misgiving,scruple,queasiness,
QUAMASH,MEANINGS,ANTONYMS,SYNONYMS,camash,camas,quamash,camosh,camass,
QUAMASHES,MEANINGS,ANTONYMS,SYNONYMS,camash,camas,quamash,camosh,camass,
QUANDANG,MEANINGS,ANTONYMS,SYNONYMS,quandang,quandong tree,quandong,quantong,fusanus acuminatus,
QUANDANGS,MEANINGS,ANTONYMS,SYNONYMS,quandang,quandong tree,quandong,quantong,fusanus acuminatus,
QUANDARY,MEANINGS,ANTONYMS,SYNONYMS,predicament,quandary,plight,dilemma,
QUANDARIES,MEANINGS,ANTONYMS,SYNONYMS,predicament,quandary,plight,dilemma,
QUANDONG,MEANINGS,noun,australian tree with edible flesh and edible nutlike seed,tree,noun,the fruit of the brisbane quandong tree,fruit,noun,australian tree having hard white timber and glossy green leaves with white flowers followed by one-seeded glossy blue fruit,tree,noun,red australian fruit; used for dessert or in jam,edible fruit,ANTONYMS,SYNONYMS,blue fig,quandang,quandong tree,quandong,silver quandong tree,
QUANDONGS,MEANINGS,ANTONYMS,SYNONYMS,blue fig,quandang,quandong tree,quandong,silver quandong tree,
QUANGO,MEANINGS,noun,a quasi nongovernmental organization; an organization that is financed by the government yet acts independently of the government,organization,organisation,ANTONYMS,SYNONYMS,quasi-ngo,quango,
QUANGOS,MEANINGS,ANTONYMS,SYNONYMS,quasi-ngo,quango,
QUANTA,MEANINGS,ANTONYMS,SYNONYMS,quantum,
QUANTAL,MEANINGS,adjective,of or relating to a quantum or capable of existing in only one of two states,ANTONYMS,SYNONYMS,quantal,quantized,
QUANTIC,MEANINGS,noun,a homogeneous polynomial having at least two variables,homogeneous polynomial,ANTONYMS,SYNONYMS,quantic,
QUANTICS,MEANINGS,ANTONYMS,SYNONYMS,quantic,
QUANTIFY,MEANINGS,verb,use as a quantifier,specify,set,determine,define,fix,limit,verb,express as a number or measure or quantity,carry,convey,express,can you quantify your results?,ANTONYMS,SYNONYMS,measure,quantify,
QUANTIFIABILITY,MEANINGS,noun,the quality of being measurable,quality,ANTONYMS,SYNONYMS,measurability,quantifiability,
QUANTIFIABLE,MEANINGS,adjective,capable of being quantified,ANTONYMS,SYNONYMS,quantifiable,
QUANTIFICATION,MEANINGS,noun,a limitation imposed on the variables of a proposition (as by the quantifiers `some' or `all' or `no'),restriction,limitation,noun,the act of discovering or expressing the quantity of something,measurement,measuring,measure,mensuration,ANTONYMS,SYNONYMS,quantification,
QUANTIFICATIONS,MEANINGS,ANTONYMS,SYNONYMS,quantification,
QUANTIFIED,MEANINGS,ANTONYMS,SYNONYMS,measure,quantify,
QUANTIFIER,MEANINGS,noun,(logic) a word (such as `some' or `all' or `no') that binds the variables in a logical proposition,word,noun,(grammar) a word that expresses a quantity (as `fifteen' or `many'),word,ANTONYMS,SYNONYMS,quantifier,logical quantifier,
QUANTIFIERS,MEANINGS,ANTONYMS,SYNONYMS,quantifier,logical quantifier,
QUANTIFIES,MEANINGS,ANTONYMS,SYNONYMS,measure,quantify,
QUANTIFYING,MEANINGS,ANTONYMS,SYNONYMS,measure,quantify,
QUANTITATIVE,MEANINGS,adjective,expressible as a quantity or relating to or susceptible of measurement,export wheat without quantitative limitations,quantitative analysis determines the amounts and proportions of the chemical constituents of a substance or mixture,adjective,relating to the measurement of quantity,quantitative studies,adjective,(of verse) having a metric system based on relative duration of syllables,in typical greek and latin verse of the classical period the rhymic system is based on some arrangement of long and short elements,ANTONYMS,syllabic,qualitative,SYNONYMS,quantitative,
QUANTITATIVELY,MEANINGS,adverb,in a quantitative manner,this can be expressed quantitatively,ANTONYMS,SYNONYMS,quantitatively,
QUANTITY,MEANINGS,noun,an adequate or large amount,amount,he had a quantity of ammunition,noun,the concept that something has a magnitude and can be represented in mathematical expressions by a constant or a variable,concept,conception,construct,ANTONYMS,SYNONYMS,measure,quantity,amount,
QUANTITIES,MEANINGS,ANTONYMS,SYNONYMS,measure,quantity,amount,
QUANTIZATION,MEANINGS,noun,the act of dividing into quanta or expressing in terms of quantum theory,division,ANTONYMS,SYNONYMS,quantisation,quantization,
QUANTIZE,MEANINGS,verb,approximate (a signal varying continuously in amplitude) by one whose amplitude is restricted to a prescribed set of discrete values,estimate,gauge,approximate,guess,judge,verb,apply quantum theory to; restrict the number of possible values of (a quantity) or states of (a physical entity or system) so that certain variables can assume only certain discrete magnitudes that are integral multiples of a common factor,calculate,cipher,cypher,compute,work out,reckon,figure,quantize gravity,ANTONYMS,SYNONYMS,quantize,quantise,
QUANTIZED,MEANINGS,ANTONYMS,SYNONYMS,quantal,quantize,quantise,quantized,
QUANTIZES,MEANINGS,ANTONYMS,SYNONYMS,quantize,quantise,
QUANTIZING,MEANINGS,ANTONYMS,SYNONYMS,quantize,quantise,
QUANTONG,MEANINGS,ANTONYMS,SYNONYMS,native peach,quandang,quantong,quandong,
QUANTONGS,MEANINGS,ANTONYMS,SYNONYMS,native peach,quandang,quantong,quandong,
QUANTUM,MEANINGS,noun,a discrete amount of something that is analogous to the quantities in quantum theory,quantity,noun,(physics) the smallest discrete quantity of some physical property that a system can possess (according to quantum theory),measure,quantity,amount,ANTONYMS,SYNONYMS,quantum,
QUAPAW,MEANINGS,noun,a member of the siouan people of the arkansas river valley in arkansas,dhegiha,noun,the dhegiha dialect spoken by the quapaw,dhegiha,ANTONYMS,SYNONYMS,quapaw,
QUARANTINE,MEANINGS,verb,place into enforced isolation, as for medical reasons,isolate,insulate,my dog was quarantined before he could live in england,noun,isolation to prevent the spread of infectious disease,isolation,closing off,ANTONYMS,SYNONYMS,quarantine,
QUARANTINED,MEANINGS,ANTONYMS,SYNONYMS,quarantine,quarantined,isolated,
QUARANTINES,MEANINGS,ANTONYMS,SYNONYMS,quarantine,
QUARANTINING,MEANINGS,ANTONYMS,SYNONYMS,quarantine,
QUARK,MEANINGS,noun,(physics) hypothetical truly fundamental particle in mesons and baryons; there are supposed to be six flavors of quarks (and their antiquarks), which come in pairs; each has an electric charge of +2/3 or -1/3,elementary particle,fundamental particle,quarks have not been observed directly but theoretical predictions based on their existence have been confirmed experimentally,ANTONYMS,SYNONYMS,quark,quark cheese,
QUARKS,MEANINGS,ANTONYMS,SYNONYMS,quark,quark cheese,
QUARREL,MEANINGS,verb,have a disagreement over something,argue,contend,debate,fence,we quarreled over the question as to who discovered america,these two fellows are always scrapping over something,noun,an arrow that is shot from a crossbow; has a head with four edges,arrow,ANTONYMS,SYNONYMS,words,wrangle,scrap,row,run-in,
QUARRELED,MEANINGS,ANTONYMS,SYNONYMS,scrap,dispute,altercate,argufy,quarrel,
QUARRELER,MEANINGS,noun,a disputant who quarrels,disputant,controversialist,eristic,ANTONYMS,SYNONYMS,quarreller,quarreler,
QUARRELERS,MEANINGS,ANTONYMS,SYNONYMS,quarreller,quarreler,
QUARRELING,MEANINGS,ANTONYMS,SYNONYMS,scrap,dispute,altercate,argufy,quarrel,
QUARRELLED,MEANINGS,ANTONYMS,SYNONYMS,scrap,dispute,altercate,argufy,quarrel,
QUARRELLER,MEANINGS,ANTONYMS,SYNONYMS,quarreller,quarreler,
QUARRELLERS,MEANINGS,ANTONYMS,SYNONYMS,quarreller,quarreler,
QUARRELLING,MEANINGS,ANTONYMS,SYNONYMS,scrap,dispute,altercate,argufy,quarrel,
QUARRELS,MEANINGS,ANTONYMS,SYNONYMS,words,wrangle,scrap,row,run-in,
QUARRELSOME,MEANINGS,adjective,given to quarreling,arguing children,quarrelsome when drinking,ANTONYMS,SYNONYMS,quarrelsome,
QUARRELSOMENESS,MEANINGS,noun,an inclination to be quarrelsome and contentious,disagreeableness,ANTONYMS,SYNONYMS,quarrelsomeness,contentiousness,
QUARRY,MEANINGS,verb,extract (something such as stones) from or as if from a quarry,exploit,tap,quarry marble,ANTONYMS,SYNONYMS,stone pit,fair game,target,quarry,prey,
QUARRIED,MEANINGS,ANTONYMS,SYNONYMS,quarry,
QUARRIER,MEANINGS,ANTONYMS,SYNONYMS,quarryman,quarrier,
QUARRIERS,MEANINGS,ANTONYMS,SYNONYMS,quarryman,quarrier,
QUARRIES,MEANINGS,ANTONYMS,SYNONYMS,stone pit,fair game,target,quarry,prey,
QUARRYING,MEANINGS,noun,the extraction of building stone or slate from an open surface quarry,production,ANTONYMS,SYNONYMS,quarry,quarrying,
QUARRYMAN,MEANINGS,noun,a man who works in a quarry,worker,ANTONYMS,SYNONYMS,quarryman,quarrier,
QUARRYMEN,MEANINGS,ANTONYMS,SYNONYMS,quarryman,quarrier,
QUART,MEANINGS,noun,a united states liquid unit equal to 32 fluid ounces; four quarts equal one gallon,united states liquid unit,noun,a british imperial capacity measure (liquid or dry) equal to 2 pints or 1.136 liters,british capacity unit,imperial capacity unit,noun,a united states dry unit equal to 2 pints or 67.2 cubic inches,united states dry unit,ANTONYMS,SYNONYMS,quart,dry quart,
QUARTAN,MEANINGS,adjective,occurring every fourth day (especially the fever and weakness of malaria),quartan malaria,ANTONYMS,SYNONYMS,quartan,
QUARTANS,MEANINGS,ANTONYMS,SYNONYMS,quartan,
QUARTER,MEANINGS,noun,a district of a city having some distinguishing character,city district,the latin quarter,verb,divide into quarters,segment,section,quarter an apple,verb,divide by four; divide into quarters,divide,fraction,noun,one of four periods into which the school year is divided,school term,academic term,academic session,session,the fall quarter ends at christmas,noun,a fourth part of a year; three months,time period,period of time,period,unemployment fell during the last quarter,noun,one of the four major division of the compass,orientation,the wind is coming from that quarter,noun,a quarter of a hundredweight (25 pounds),avoirdupois unit,noun,a quarter of a hundredweight (28 pounds),british capacity unit,imperial capacity unit,noun,a united states or canadian coin worth one fourth of a dollar,coin,he fed four quarters into the slot machine,noun,an unspecified person,person,individual,someone,somebody,mortal,soul,he dropped a word in the right quarter,noun,piece of leather that comprises the part of a shoe or boot covering the heel and joining the vamp,piece of leather,noun,clemency or mercy shown to a defeated opponent,clemency,mercifulness,mercy,he surrendered but asked for quarter,verb,provide housing for (military personnel),lodge,accommodate,ANTONYMS,SYNONYMS,fourth part,poop,quarter,one-fourth,fourth,
QUARTERBACK,MEANINGS,verb,play the quarterback,play,noun,(american football) the position of the football player in the backfield who directs the offensive play of his team,back,quarterback is the most important position on the team,ANTONYMS,SYNONYMS,quarterback,signal caller,field general,
QUARTERBACKED,MEANINGS,ANTONYMS,SYNONYMS,quarterback,
QUARTERBACKING,MEANINGS,ANTONYMS,SYNONYMS,quarterback,
QUARTERBACKS,MEANINGS,ANTONYMS,SYNONYMS,quarterback,signal caller,field general,
QUARTERDECK,MEANINGS,noun,the stern area of a ship's upper deck,deck,ANTONYMS,SYNONYMS,quarterdeck,
QUARTERDECKS,MEANINGS,ANTONYMS,SYNONYMS,quarterdeck,
QUARTERED,MEANINGS,ANTONYMS,SYNONYMS,quarter,draw,draw and quarter,billet,canton,
QUARTERFINAL,MEANINGS,noun,one of the four competitions in an elimination tournament whose winners go on to play in the semifinals,match,ANTONYMS,SYNONYMS,quarterfinal,
QUARTER-HOUR,MEANINGS,noun,a quarter of an hour,time unit,unit of time,ANTONYMS,SYNONYMS,15 minutes,quarter-hour,
QUARTERING,MEANINGS,noun,a coat of arms that occupies one quarter of an escutcheon; combining four coats of arms on one shield usually represented intermarriages,coat of arms,arms,blazon,blazonry,noun,living accommodations (especially those assigned to military personnel),housing,lodging,living accommodations,noun,dividing into four equal parts,division,ANTONYMS,SYNONYMS,quarter,draw,quartering,draw and quarter,billet,
QUARTERINGS,MEANINGS,ANTONYMS,SYNONYMS,quarter,draw,quartering,draw and quarter,billet,
QUARTERLY,MEANINGS,adverb,in diagonally opposed quarters of an escutcheon,two coats of arms borne quarterly,adverb,in three month intervals,interest is compounded quarterly,ANTONYMS,SYNONYMS,every quarter,quarterly,
QUARTERLIES,MEANINGS,ANTONYMS,SYNONYMS,quarterly,
QUARTERLIGHT,MEANINGS,noun,car window consisting of a small pivoted glass vent in the door of a car,car window,ANTONYMS,SYNONYMS,quarterlight,
QUARTERMASTER,MEANINGS,noun,an army officer who provides clothing and subsistence for troops,army officer,ANTONYMS,SYNONYMS,quartermaster,
QUARTERMASTERS,MEANINGS,ANTONYMS,SYNONYMS,quartermaster,
QUARTERN,MEANINGS,ANTONYMS,SYNONYMS,fourth part,quarter,one-fourth,fourth,twenty-five percent,
QUARTERNS,MEANINGS,ANTONYMS,SYNONYMS,fourth part,quarter,one-fourth,fourth,twenty-five percent,
QUARTERS,MEANINGS,ANTONYMS,SYNONYMS,fourth part,poop,living quarters,quarter,one-fourth,
QUARTERSTAFF,MEANINGS,noun,a long stout staff used as a weapon,staff,ANTONYMS,SYNONYMS,quarterstaff,
QUARTERSTAVES,MEANINGS,ANTONYMS,SYNONYMS,quarterstaff,
QUARTER-VINE,MEANINGS,ANTONYMS,SYNONYMS,cross vine,quartervine,bignonia capreolata,trumpet flower,quarter-vine,
QUARTET,MEANINGS,noun,four performers or singers who perform together,musical organization,musical organisation,musical group,noun,a set of four similar things considered as a unit,set,noun,four people considered as a unit,gathering,assemblage,he joined a barbershop quartet,the foursome teed off before 9 a.m.,noun,a musical composition for four performers,musical composition,opus,composition,piece,piece of music,ANTONYMS,SYNONYMS,quaternion,foursome,quartette,4,four,
QUARTETS,MEANINGS,ANTONYMS,SYNONYMS,quaternion,foursome,quartette,4,four,
QUARTETTE,MEANINGS,ANTONYMS,SYNONYMS,quartette,quadruplet,quadruple,quartet,foursome,
QUARTIC,MEANINGS,ANTONYMS,SYNONYMS,biquadratic,fourth power,quartic,biquadrate,
QUARTICS,MEANINGS,ANTONYMS,SYNONYMS,biquadratic,fourth power,quartic,biquadrate,
QUARTILE,MEANINGS,noun,(statistics) any of three points that divide an ordered distribution into four parts each containing one quarter of the scores,mark,grade,score,ANTONYMS,SYNONYMS,quartile,
QUARTILES,MEANINGS,ANTONYMS,SYNONYMS,quartile,
QUARTO,MEANINGS,noun,the size of a book whose pages are made by folding a sheet of paper twice to form four leaves,size,ANTONYMS,SYNONYMS,4to,quarto,
QUARTOS,MEANINGS,ANTONYMS,SYNONYMS,4to,quarto,
QUARTS,MEANINGS,ANTONYMS,SYNONYMS,quart,dry quart,
QUARTZ,MEANINGS,noun,a hard glossy mineral consisting of silicon dioxide in crystal form; present in most rocks (especially sandstone and granite); yellow sand is quartz with iron oxide impurities,mineral,ANTONYMS,SYNONYMS,lechatelierite,vitreous silica,quartz glass,quartz,crystal,
QUARTZES,MEANINGS,ANTONYMS,SYNONYMS,lechatelierite,vitreous silica,quartz glass,quartz,crystal,
QUARTZITE,MEANINGS,noun,hard metamorphic rock consisting essentially of interlocking quartz crystals,rock,stone,ANTONYMS,SYNONYMS,quartzite,
QUARTZOSE,MEANINGS,adjective,relating to or made of quartz,ANTONYMS,SYNONYMS,quartzose,
QUASAR,MEANINGS,noun,a starlike object that may send out radio waves and other forms of energy; many have large red shifts,celestial body,heavenly body,ANTONYMS,SYNONYMS,quasi-stellar radio source,quasar,
QUASARS,MEANINGS,ANTONYMS,SYNONYMS,quasi-stellar radio source,quasar,
QUASH,MEANINGS,ANTONYMS,validate,SYNONYMS,avoid,quash,reduce,subjugate,subdue,
QUASHED,MEANINGS,ANTONYMS,validate,SYNONYMS,avoid,quash,reduce,subjugate,subdue,
QUASHES,MEANINGS,ANTONYMS,validate,SYNONYMS,avoid,quash,reduce,subjugate,subdue,
QUASHING,MEANINGS,ANTONYMS,validate,SYNONYMS,avoid,quash,reduce,subjugate,subdue,
QUASI,MEANINGS,adjective,having some resemblance,a quasi success,a quasi contract,ANTONYMS,SYNONYMS,quasi,
QUASIPARTICLE,MEANINGS,noun,a quantum of energy (in a crystal lattice or other system) that has position and momentum and can in some respects be regarded as a particle,quantum,ANTONYMS,SYNONYMS,quasiparticle,
QUASI-RELIGIOUS,MEANINGS,adjective,resembling something that is religious,ANTONYMS,SYNONYMS,quasi-religious,
QUASI-ROYAL,MEANINGS,adjective,having the power but not the rank or title of a king,one of the quasi-royal rulers of africa,ANTONYMS,SYNONYMS,quasi-royal,
QUASSIA,MEANINGS,noun,a bitter compound used as an insecticide and tonic and vermifuge; extracted from the wood and bark of trees of the genera quassia and picrasma,organic compound,noun,handsome south american shrub or small tree having bright scarlet flowers and yielding a valuable fine-grained yellowish wood; yields the bitter drug quassia from its wood and bark,bitterwood tree,ANTONYMS,SYNONYMS,bitterwood,quassia,quassia amara,
QUASSIAS,MEANINGS,ANTONYMS,SYNONYMS,bitterwood,quassia,quassia amara,
QUAT,MEANINGS,ANTONYMS,SYNONYMS,african tea,khat,kat,arabian tea,cat,
QUATERCENTENARY,MEANINGS,ANTONYMS,SYNONYMS,quatercentennial,quatercentenary,
QUATERN,MEANINGS,ANTONYMS,SYNONYMS,quaternion,foursome,4,four,iv,
QUATERNARY,MEANINGS,noun,last 2 million years,ANTONYMS,SYNONYMS,4th,quaternion,foursome,quaternate,fourth,
QUATERNARIES,MEANINGS,ANTONYMS,SYNONYMS,quaternion,foursome,4,four,iv,
QUATERNATE,MEANINGS,adjective,consisting of or especially arranged in sets of four,quaternate leaves,a quaternary compound,ANTONYMS,SYNONYMS,quaternary,quaternate,
QUATERNION,MEANINGS,ANTONYMS,SYNONYMS,quaternion,foursome,4,four,iv,
QUATERNITY,MEANINGS,ANTONYMS,SYNONYMS,quaternion,foursome,4,four,iv,
QUATERNITIES,MEANINGS,ANTONYMS,SYNONYMS,quaternion,foursome,4,four,iv,
QUATRAIN,MEANINGS,noun,a stanza of four lines,stanza,ANTONYMS,SYNONYMS,quatrain,
QUATRAINS,MEANINGS,ANTONYMS,SYNONYMS,quatrain,
QUATTROCENTO,MEANINGS,noun,the 15th century in italian art and literature,century,ANTONYMS,SYNONYMS,quattrocento,
QUAVER,MEANINGS,verb,give off unsteady sounds, alternating in amplitude or frequency,voice,sound,vocalize,vocalise,ANTONYMS,SYNONYMS,trill,waver,quaver,warble,eighth note,
QUAVERED,MEANINGS,ANTONYMS,SYNONYMS,trill,waver,quaver,warble,
QUAVERING,MEANINGS,adjective,(of the voice) quivering as from weakness or fear,the old lady's quavering voice,spoke timidly in a tremulous voice,ANTONYMS,SYNONYMS,trill,quavering,waver,quaver,warble,
QUAVERINGLY,MEANINGS,adverb,in an unsteady quavering manner,the man began quaveringly to question the soldier,ANTONYMS,SYNONYMS,quaveringly,
QUAVERS,MEANINGS,ANTONYMS,SYNONYMS,trill,waver,quaver,warble,eighth note,
QUEASY,MEANINGS,ANTONYMS,SYNONYMS,queasy,offensive,nauseous,unquiet,noisome,
QUEASIER,MEANINGS,ANTONYMS,SYNONYMS,queasy,offensive,nauseous,unquiet,noisome,
QUEASIEST,MEANINGS,ANTONYMS,SYNONYMS,queasy,offensive,nauseous,unquiet,noisome,
QUEASILY,MEANINGS,adverb,in a queasy manner,`do i have to remove the liver,' the medical student asked queasily,ANTONYMS,SYNONYMS,queasily,
QUEASINESS,MEANINGS,noun,a mild state of nausea,nausea,sickness,ANTONYMS,SYNONYMS,qualm,restlessness,uneasiness,squeamishness,queasiness,
QUEASINESSES,MEANINGS,ANTONYMS,SYNONYMS,qualm,restlessness,uneasiness,squeamishness,queasiness,
QUEBEC,MEANINGS,noun,the french-speaking capital of the province of quebec; situated on the saint lawrence river,noun,the largest province of canada; a french colony from 1663 to 1759 when it was lost to the british,ANTONYMS,SYNONYMS,quebec,quebec city,
QUEBECOIS,MEANINGS,adjective,of or relating to quebec (especially to the french speaking inhabitants or their culture),ANTONYMS,SYNONYMS,quebecois,
QUECHUA,MEANINGS,noun,a member of a south american indian people in peru who were formerly the ruling class of the inca empire,south american indian,noun,a community of south american indians in peru who were formerly the ruling class of the incan empire,noun,the language of the quechua which was spoken by the incas,amerind,amerindian language,american-indian language,american indian,indian,ANTONYMS,SYNONYMS,quechuan,kechuan,kechua,quechua,quechuan language,
QUECHUAN,MEANINGS,adjective,of or relating to the quechua or their language,ANTONYMS,SYNONYMS,quechuan,kechuan,quechuan language,kechua,quechua,
QUECHUAS,MEANINGS,ANTONYMS,SYNONYMS,quechuan,kechuan,kechua,quechua,quechuan language,
QUEEN,MEANINGS,verb,promote to a queen, as of a pawn in chess,promote,verb,become a queen,promote,her pawn queened,noun,the wife or widow of a king,female aristocrat,noun,something personified as a woman who is considered the best or most important of her kind,personification,paris is the queen of cities,the queen of ocean liners,noun,one of four face cards in a deck bearing a picture of a queen,face card,picture card,court card,noun,(chess) the most powerful piece,chessman,chess piece,noun,an especially large mole rat and the only member of a colony of naked mole rats to bear offspring which are sired by only a few males,naked mole rat,ANTONYMS,king,male_monarch,SYNONYMS,pouf,queen regnant,world-beater,fag,tabby,
QUEENED,MEANINGS,ANTONYMS,SYNONYMS,queen,
QUEENFISH,MEANINGS,ANTONYMS,SYNONYMS,queenfish,seriphus politus,white croaker,
QUEENFISHES,MEANINGS,ANTONYMS,SYNONYMS,queenfish,seriphus politus,white croaker,
QUEENING,MEANINGS,ANTONYMS,SYNONYMS,queen,
QUEENLY,MEANINGS,adjective,having the rank of or resembling or befitting a queen,queenly propriety,clad in her queenly raiment,rosetti's queenly portraits of women,ANTONYMS,SYNONYMS,queenly,queenlike,
QUEENLIER,MEANINGS,ANTONYMS,SYNONYMS,queenly,queenlike,
QUEENLIEST,MEANINGS,ANTONYMS,SYNONYMS,queenly,queenlike,
QUEENLIKE,MEANINGS,ANTONYMS,SYNONYMS,queenly,queenlike,
QUEENS,MEANINGS,noun,a borough of new york city,ANTONYMS,king,male_monarch,SYNONYMS,pouf,queen regnant,world-beater,fag,tabby,
QUEENSLAND,MEANINGS,noun,a state in northeastern australia,ANTONYMS,SYNONYMS,queensland,
QUEER,MEANINGS,verb,put in a dangerous, disadvantageous, or difficult position,affect,impact,bear upon,bear on,touch on,touch,ANTONYMS,SYNONYMS,pouf,homophile,endanger,expose,peculiar,
QUEERED,MEANINGS,ANTONYMS,SYNONYMS,cross,endanger,expose,queer,scupper,
QUEERER,MEANINGS,ANTONYMS,SYNONYMS,homophile,curious,queer,peculiar,gay,
QUEEREST,MEANINGS,ANTONYMS,SYNONYMS,homophile,curious,queer,peculiar,gay,
QUEERING,MEANINGS,ANTONYMS,SYNONYMS,cross,endanger,expose,queer,scupper,
QUEERLY,MEANINGS,adverb,in a strange manner,a queerly inscribed sheet of paper,adverb,in a questionably unusual manner,this money had been queerly come by,ANTONYMS,SYNONYMS,fishily,funnily,strangely,oddly,queerly,
QUEERNESS,MEANINGS,ANTONYMS,SYNONYMS,oddity,crotchet,homosexuality,gayness,quirkiness,
QUEERNESSES,MEANINGS,ANTONYMS,SYNONYMS,oddity,crotchet,homosexuality,gayness,quirkiness,
QUEERS,MEANINGS,ANTONYMS,SYNONYMS,pouf,endanger,expose,thwart,poove,
QUELL,MEANINGS,verb,overcome or allay,meet,satisfy,fill,fulfill,fulfil,quell my hunger,ANTONYMS,SYNONYMS,squelch,appease,quell,quench,stay,
QUELLED,MEANINGS,adjective,subdued or overcome,the quelled rebellion,an uprising quenched almost before it started,a squelched rumor,ANTONYMS,SYNONYMS,squelch,appease,quenched,quell,squelched,
QUELLING,MEANINGS,ANTONYMS,SYNONYMS,stifling,suppression,squelch,crushing,appease,
QUELLS,MEANINGS,ANTONYMS,SYNONYMS,squelch,appease,quell,quench,stay,
QUELLUNG,MEANINGS,noun,the swelling of the capsule surrounding a microorganism after reaction with an antibody; the basis of certain tests for identifying microorganisms,organic process,biological process,pneumococcus quellung,ANTONYMS,SYNONYMS,quellung,quellung reaction,
QUENCH,MEANINGS,verb,satisfy (thirst),meet,satisfy,fill,fulfill,fulfil,the cold water quenched his thirst,verb,electronics: suppress (sparking) when the current is cut off in an inductive circuit, or suppress (an oscillation or discharge) in a component or device,inhibit,bottle up,suppress,verb,reduce the degree of (luminescence or phosphorescence) in (excited molecules or a material) by adding a suitable substance,reduce,cut down,cut back,trim,trim down,trim back,cut,bring down,verb,cool (hot metal) by plunging into cold water or other liquid,cool,chill,cool down,quench steel,ANTONYMS,ignite,SYNONYMS,allay,blow out,squelch,assuage,extinguish,
QUENCHED,MEANINGS,adjective,allayed,his thirst quenched he was able to continue,ANTONYMS,ignite,SYNONYMS,allay,blow out,squelch,quenched,assuage,
QUENCHES,MEANINGS,ANTONYMS,ignite,SYNONYMS,allay,blow out,squelch,assuage,extinguish,
QUENCHING,MEANINGS,ANTONYMS,ignite,SYNONYMS,allay,blow out,squelch,assuage,extinguish,
QUENCHLESS,MEANINGS,adjective,impossible to quench,unquenchable thirst,ANTONYMS,SYNONYMS,unquenchable,quenchless,
QUERCITRON,MEANINGS,noun,a yellow dye made from the bark of the quercitron oak tree,dye,dyestuff,ANTONYMS,SYNONYMS,quercitron,black oak,yellow oak,quercitron oak,quercus velutina,
QUERCUS,MEANINGS,noun,oaks,hamamelid dicot genus,ANTONYMS,SYNONYMS,quercus,genus quercus,
QUERY,MEANINGS,ANTONYMS,answer,SYNONYMS,interrogation,inquiry,query,question,enquiry,
QUERIED,MEANINGS,ANTONYMS,SYNONYMS,query,question,
QUERIER,MEANINGS,ANTONYMS,SYNONYMS,querier,inquirer,questioner,enquirer,asker,
QUERIERS,MEANINGS,ANTONYMS,SYNONYMS,querier,inquirer,questioner,enquirer,asker,
QUERIES,MEANINGS,ANTONYMS,answer,SYNONYMS,interrogation,inquiry,query,question,enquiry,
QUERYING,MEANINGS,ANTONYMS,SYNONYMS,query,question,
QUERN,MEANINGS,noun,a primitive stone mill for grinding corn by hand,mill,grinder,milling machinery,ANTONYMS,SYNONYMS,quern,
QUERNS,MEANINGS,ANTONYMS,SYNONYMS,quern,
QUERULOUS,MEANINGS,ANTONYMS,SYNONYMS,whiney,whiny,fretful,querulous,
QUERULOUSLY,MEANINGS,ANTONYMS,SYNONYMS,querulously,fractiously,peevishly,
QUERULOUSNESS,MEANINGS,noun,the quality of being given to complaining,temper,biliousness,irritability,peevishness,pettishness,snappishness,surliness,ANTONYMS,SYNONYMS,querulousness,
QUERULOUSNESSES,MEANINGS,ANTONYMS,SYNONYMS,querulousness,
QUEST,MEANINGS,verb,search the trail of (game),chase,chase after,trail,tail,tag,give chase,dog,go after,track,the dog went off and quested,verb,make a search (for),seek,things that die with their eyes open and questing,the animal came questing through the forest,verb,seek alms, as for religious purposes,solicit,beg,tap,ANTONYMS,SYNONYMS,bespeak,pursuance,call for,request,bay,
QUESTED,MEANINGS,ANTONYMS,SYNONYMS,bespeak,call for,request,bay,quest,
QUESTER,MEANINGS,ANTONYMS,SYNONYMS,searcher,quester,seeker,
QUESTERS,MEANINGS,ANTONYMS,SYNONYMS,searcher,quester,seeker,
QUESTING,MEANINGS,ANTONYMS,SYNONYMS,bespeak,call for,request,bay,quest,
QUESTION,MEANINGS,verb,challenge the accuracy, probity, or propriety of,challenge,we must question your judgment in this matter,noun,the subject matter at issue,subject,topic,theme,the question of disease merits serious discussion,under the head of minor roman poets,verb,pose a question,ask,noun,an informal reference to a marriage proposal,marriage proposal,proposal of marriage,marriage offer,proposal,he was ready to pop the question,ANTONYMS,answer,SYNONYMS,doubt,interrogation,inquiry,interrogative,interrogative sentence,
QUESTIONABLE,MEANINGS,adjective,subject to question,questionable motives,a questionable reputation,a fire of questionable origin,adjective,able to be refuted,ANTONYMS,unquestionable,SYNONYMS,refutable,confutable,confutative,questionable,
QUESTIONABLY,MEANINGS,adverb,in a questionable and dubious manner,these were estates his father questionably acquired,ANTONYMS,SYNONYMS,questionably,dubiously,
QUESTIONED,MEANINGS,ANTONYMS,SYNONYMS,interview,query,oppugn,wonder,interrogate,
QUESTIONER,MEANINGS,ANTONYMS,SYNONYMS,querier,inquirer,questioner,enquirer,asker,
QUESTIONERS,MEANINGS,ANTONYMS,SYNONYMS,querier,inquirer,questioner,enquirer,asker,
QUESTIONING,MEANINGS,adjective,perplexed (as if being expected to know something that you do not know),he had a quizzical expression,ANTONYMS,SYNONYMS,inquiring,speculative,quizzical,inquisitive,wondering,
QUESTIONINGLY,MEANINGS,adverb,in a curious and questioning manner,they turned their heads questioningly, as if awaiting further instructions,adverb,in a quizzical and questioning manner,they looked quizzically at the doctor,ANTONYMS,SYNONYMS,questioningly,wonderingly,quizzically,
QUESTIONINGS,MEANINGS,ANTONYMS,SYNONYMS,inquiring,interview,query,oppugn,wonder,
QUESTIONNAIRE,MEANINGS,noun,a form containing a set of questions; submitted to people to gain statistical information,form,ANTONYMS,SYNONYMS,questionnaire,
QUESTIONNAIRES,MEANINGS,ANTONYMS,SYNONYMS,questionnaire,
QUESTIONS,MEANINGS,ANTONYMS,answer,SYNONYMS,doubt,interrogation,inquiry,interrogative,interrogative sentence,
QUESTS,MEANINGS,ANTONYMS,SYNONYMS,bespeak,pursuance,call for,request,bay,
QUETCH,MEANINGS,ANTONYMS,cheer,SYNONYMS,plain,quetch,kvetch,complain,sound off,
QUETZAL,MEANINGS,noun,the basic unit of money in guatemala; equal to 100 centavos,guatemalan monetary unit,noun,large trogon of central america and south america having golden-green and scarlet plumage,trogon,ANTONYMS,SYNONYMS,quetzal,quetzal bird,
QUETZALCOATL,MEANINGS,noun,an aztec deity represented as a plumed serpent,ANTONYMS,SYNONYMS,quetzalcoatl,
QUETZALS,MEANINGS,ANTONYMS,SYNONYMS,quetzal,quetzal bird,
QUEUE,MEANINGS,noun,a line of people or vehicles waiting for something,line,noun,(information processing) an ordered list of tasks to be performed or messages to be transmitted,list,listing,noun,a braid of hair at the back of the head,braid,plait,tress,twist,ANTONYMS,SYNONYMS,line up,queue up,queue,waiting line,
QUEUED,MEANINGS,ANTONYMS,SYNONYMS,line up,queue up,queue,
QUEUEING,MEANINGS,ANTONYMS,SYNONYMS,line up,queue up,queue,
QUEUES,MEANINGS,ANTONYMS,SYNONYMS,line up,queue up,queue,waiting line,
QUEUING,MEANINGS,ANTONYMS,SYNONYMS,line up,queue up,queue,
QUIAQUIA,MEANINGS,ANTONYMS,SYNONYMS,cigarfish,round scad,decapterus punctatus,quiaquia,
QUIBBLE,MEANINGS,verb,evade the truth of a point or question by raising irrelevant objections,hedge,fudge,evade,put off,circumvent,parry,elude,skirt,dodge,duck,sidestep,verb,argue over petty things,argue,contend,debate,fence,let's not quibble over pennies,ANTONYMS,SYNONYMS,quiddity,niggle,quibble,squabble,cavil,
QUIBBLED,MEANINGS,ANTONYMS,SYNONYMS,niggle,quibble,squabble,bicker,pettifog,
QUIBBLER,MEANINGS,noun,a disputant who quibbles; someone who raises annoying petty objections,malcontent,ANTONYMS,SYNONYMS,pettifogger,caviler,quibbler,caviller,
QUIBBLERS,MEANINGS,ANTONYMS,SYNONYMS,pettifogger,caviler,quibbler,caviller,
QUIBBLES,MEANINGS,ANTONYMS,SYNONYMS,quiddity,niggle,quibble,squabble,cavil,
QUIBBLING,MEANINGS,ANTONYMS,SYNONYMS,niggle,quibble,squabble,bicker,pettifog,
QUICHE,MEANINGS,noun,a member of the mayan people of south central guatemala,mayan,maya,noun,a tart filled with rich unsweetened custard; often contains other ingredients (as cheese or ham or seafood or vegetables),tart,noun,the mayan language spoken by the quiche,maya,mayan,mayan language,ANTONYMS,SYNONYMS,quiche,
QUICHES,MEANINGS,ANTONYMS,SYNONYMS,quiche,
QUICK,MEANINGS,adjective,accomplished rapidly and without delay,was quick to make friends,his quick reaction prevented an accident,hoped for a speedy resolution of the problem,a speedy recovery,he has a right to a speedy trial,adjective,apprehending and responding with speed and sensitivity,a quick mind,a ready wit,adjective,easily aroused or excited,a quick temper,a warm temper,ANTONYMS,SYNONYMS,ready,agile,quick,speedy,prompt,
QUICK-CHANGE,MEANINGS,adjective,adept at changing from one thing to another especially changing costumes,a quick-change artist,ANTONYMS,SYNONYMS,quick-change,
QUICK-EARED,MEANINGS,ANTONYMS,SYNONYMS,sharp-eared,quick-eared,
QUICKEN,MEANINGS,verb,give life or energy to,stimulate,excite,the cold water invigorated him,verb,show signs of life,move,the fetus quickened,ANTONYMS,decelerate,SYNONYMS,animate,speed,quicken,invigorate,recreate,
QUICKENED,MEANINGS,ANTONYMS,decelerate,SYNONYMS,animate,speed,quicken,invigorate,recreate,
QUICKENER,MEANINGS,noun,an agent that gives or restores life or vigor,agent,the soul is the quickener of the body,ANTONYMS,SYNONYMS,enlivener,quickener,invigorator,
QUICKENING,MEANINGS,noun,the process of showing signs of life,organic process,biological process,the quickening of seed that will become ripe grain,noun,the stage of pregnancy at which the mother first feels the movements of the fetus,degree,level,stage,point,ANTONYMS,decelerate,deceleration,SYNONYMS,quickening,animate,speed,quicken,invigorate,
QUICKENS,MEANINGS,ANTONYMS,decelerate,SYNONYMS,animate,speed,quicken,invigorate,recreate,
QUICKER,MEANINGS,adverb,more quickly,ANTONYMS,SYNONYMS,ready,agile,quick,speedy,prompt,
QUICKEST,MEANINGS,adverb,most quickly,ANTONYMS,SYNONYMS,ready,agile,quickest,fastest,quick,
QUICK-FREEZE,MEANINGS,verb,freeze rapidly so as to preserve the natural juices and flavors,freeze,quick-freeze the shrimp,ANTONYMS,SYNONYMS,quick-freeze,flash-freeze,
QUICK-FREEZING,MEANINGS,ANTONYMS,SYNONYMS,quick-freeze,flash-freeze,
QUICK-FROZE,MEANINGS,ANTONYMS,SYNONYMS,quick-freeze,flash-freeze,
QUICK-FROZEN,MEANINGS,ANTONYMS,SYNONYMS,flash-frozen,quick-frozen,frozen,quick-freeze,flash-freeze,
QUICKIE,MEANINGS,ANTONYMS,SYNONYMS,quick fix,quicky,quickie,band aid,
QUICKIES,MEANINGS,ANTONYMS,SYNONYMS,quick fix,quicky,quickie,band aid,
QUICKLY,MEANINGS,adverb,with rapid movements,he works quickly,ANTONYMS,slowly,SYNONYMS,chop-chop,quick,speedily,rapidly,apace,
QUICKLIME,MEANINGS,ANTONYMS,SYNONYMS,calx,calcined lime,unslaked lime,fluxing lime,calcium oxide,
QUICKNESS,MEANINGS,ANTONYMS,SYNONYMS,mental quickness,rapidness,deftness,quickness,rapidity,
QUICKNESSES,MEANINGS,ANTONYMS,SYNONYMS,mental quickness,rapidness,deftness,quickness,rapidity,
QUICKS,MEANINGS,ANTONYMS,SYNONYMS,quick,
QUICKSAND,MEANINGS,noun,a treacherous situation that tends to entrap and destroy,situation,noun,a pit filled with loose wet sand into which objects are sucked down,pit,cavity,ANTONYMS,SYNONYMS,quicksand,
QUICKSANDS,MEANINGS,ANTONYMS,SYNONYMS,quicksand,
QUICKSET,MEANINGS,adjective,grown from cuttings planted directly in the ground,a quickset hawthorn hedge,ANTONYMS,SYNONYMS,quickset,
QUICKSETS,MEANINGS,ANTONYMS,SYNONYMS,quickset,
QUICK-SIGHTED,MEANINGS,adjective,keenly perceptive or alert,quick-sighted into the faults of the time"- leonard bacon,ANTONYMS,SYNONYMS,sharp-sighted,sharp-eyed,lynx-eyed,hawk-eyed,keen-sighted,
QUICKSILVER,MEANINGS,ANTONYMS,SYNONYMS,hg,erratic,mercurial,hydrargyrum,fickle,
QUICKSILVERS,MEANINGS,ANTONYMS,SYNONYMS,hg,hydrargyrum,mercury,atomic number 80,quicksilver,
QUICKSTEP,MEANINGS,verb,perform a quickstep,dance,trip the light fantastic,trip the light fantastic toe,noun,a ballroom dance with both quick and slow steps,ballroom dancing,ballroom dance,ANTONYMS,SYNONYMS,quickstep,
QUICKSTEPS,MEANINGS,ANTONYMS,SYNONYMS,quickstep,
QUICK-TEMPERED,MEANINGS,ANTONYMS,SYNONYMS,hotheaded,hot-tempered,irascible,choleric,quick-tempered,
QUICK-WITTED,MEANINGS,adjective,mentally nimble and resourceful,quick-witted debater,saved an embarrassing situation with quick-witted tact,ANTONYMS,SYNONYMS,quick-witted,
QUICK-WITTEDNESS,MEANINGS,ANTONYMS,SYNONYMS,quickness,mental quickness,quick-wittedness,
QUID,MEANINGS,ANTONYMS,SYNONYMS,british pound sterling,pound,british pound,quid,quid pro quo,
QUIDDITY,MEANINGS,noun,the essence that makes something the kind of thing it is and makes it different from any other,kernel,substance,core,center,centre,essence,gist,heart,heart and soul,inwardness,marrow,meat,nub,pith,sum,nitty-gritty,ANTONYMS,SYNONYMS,haecceity,cavil,quiddity,quibble,
QUIDDITIES,MEANINGS,ANTONYMS,SYNONYMS,haecceity,cavil,quiddity,quibble,
QUIDNUNC,MEANINGS,ANTONYMS,SYNONYMS,nosy-parker,nosey-parker,quidnunc,busybody,
QUIDNUNCS,MEANINGS,ANTONYMS,SYNONYMS,nosy-parker,nosey-parker,quidnunc,busybody,
QUIDS,MEANINGS,ANTONYMS,SYNONYMS,british pound sterling,pound,british pound,quid,quid pro quo,
QUIESCE,MEANINGS,ANTONYMS,louden,SYNONYMS,quiet down,quiesce,pipe down,quieten,quiet,
QUIESCED,MEANINGS,ANTONYMS,louden,SYNONYMS,quiet down,quiesce,pipe down,quieten,quiet,
QUIESCENCE,MEANINGS,noun,quiet and inactive restfulness,rest,ease,repose,relaxation,ANTONYMS,SYNONYMS,quiescency,quiescence,dormancy,sleeping,
QUIESCENCES,MEANINGS,ANTONYMS,SYNONYMS,quiescency,quiescence,dormancy,sleeping,
QUIESCENCY,MEANINGS,ANTONYMS,SYNONYMS,quiescency,quiescence,dormancy,sleeping,
QUIESCENT,MEANINGS,adjective,not active or activated,the quiescent level of centimeter wave-length solar radiation,adjective,marked by a state of tranquil repose,the quiescent melancholy of the town,adjective,being quiet or still or inactive,adjective,(pathology) causing no symptoms,a quiescent tumor,ANTONYMS,SYNONYMS,quiescent,
QUIESCING,MEANINGS,ANTONYMS,louden,SYNONYMS,quiet down,quiesce,pipe down,quieten,quiet,
QUIET,MEANINGS,adjective,characterized by an absence or near absence of agitation or activity,a quiet life,a quiet throng of onlookers,quiet peace-loving people,the factions remained quiet for almost 10 years,adjective,free of noise or uproar; or making little if any sound,a quiet audience at the concert,the room was dark and quiet,adjective,not showy or obtrusive,clothes in quiet good taste,adjective,of the sun characterized by a low level of surface phenomena like sunspots e.g.,ANTONYMS,agitate,louden,unquiet,unquietly,noisy,SYNONYMS,quiet down,calm down,subdued,placidity,quieten,
QUIETED,MEANINGS,ANTONYMS,louden,agitate,SYNONYMS,quiet down,tranquillise,tranquilize,tranquillize,calm down,
QUIETEN,MEANINGS,verb,become quiet or quieter,change intensity,the audience fell silent when the speaker entered,ANTONYMS,louden,agitate,SYNONYMS,quiet down,tranquillise,tranquilize,tranquillize,calm down,
QUIETENED,MEANINGS,ANTONYMS,louden,agitate,SYNONYMS,quiet down,tranquillise,tranquilize,tranquillize,calm down,
QUIETENING,MEANINGS,ANTONYMS,louden,agitate,SYNONYMS,quiet down,tranquillise,tranquilize,tranquillize,calm down,
QUIETENS,MEANINGS,ANTONYMS,louden,agitate,SYNONYMS,quiet down,tranquillise,tranquilize,tranquillize,calm down,
QUIETER,MEANINGS,ANTONYMS,unquiet,noisy,active,SYNONYMS,muted,placid,subdued,still,smooth,
QUIETEST,MEANINGS,ANTONYMS,unquiet,noisy,active,SYNONYMS,muted,placid,subdued,still,smooth,
QUIETING,MEANINGS,ANTONYMS,louden,agitate,SYNONYMS,quiet down,tranquillise,tranquilize,tranquillize,calm down,
QUIETISM,MEANINGS,noun,a form of religious mysticism requiring withdrawal from all human effort and passive contemplation of god,mysticism,religious mysticism,ANTONYMS,SYNONYMS,quietism,
QUIETISMS,MEANINGS,ANTONYMS,SYNONYMS,quietism,
QUIETIST,MEANINGS,noun,a religious mystic who follows quietism,mystic,religious mystic,ANTONYMS,SYNONYMS,quietist,
QUIETISTS,MEANINGS,ANTONYMS,SYNONYMS,quietist,
QUIETLY,MEANINGS,adverb,with little or no sound,the class was listening quietly and intently,she was crying quietly,adverb,with little or no activity or no agitation (`quiet' is a nonstandard variant for `quietly'),her hands rested quietly in her lap,the rock star was quietly led out the back door,sit here as quiet as you can,ANTONYMS,unquietly,noisily,loudly,SYNONYMS,quietly,restfully,softly,quiet,
QUIETNESS,MEANINGS,noun,the property of making no sound,silence,quiet,ANTONYMS,SYNONYMS,soundlessness,tranquillity,quietude,tranquility,quietness,
QUIETNESSES,MEANINGS,ANTONYMS,SYNONYMS,soundlessness,tranquillity,quietude,tranquility,quietness,
QUIETS,MEANINGS,ANTONYMS,louden,sound,agitate,SYNONYMS,quiet down,calm down,placidity,quieten,lull,
QUIETUDE,MEANINGS,ANTONYMS,SYNONYMS,quietude,quietness,tranquillity,tranquility,
QUIETUDES,MEANINGS,ANTONYMS,SYNONYMS,quietude,quietness,tranquillity,tranquility,
QUIETUS,MEANINGS,ANTONYMS,SYNONYMS,quietus,sleep,eternal rest,rest,eternal sleep,
QUIETUSES,MEANINGS,ANTONYMS,SYNONYMS,quietus,sleep,eternal rest,rest,eternal sleep,
QUIFF,MEANINGS,noun,a prominent forelock (especially one brushed upward from the forehead),forelock,ANTONYMS,SYNONYMS,quiff,
QUIFFS,MEANINGS,ANTONYMS,SYNONYMS,quiff,
QUILL,MEANINGS,noun,pen made from a bird's feather,pen,noun,a stiff hollow protective spine on a porcupine or hedgehog,spine,noun,the hollow spine of a feather,rib,ANTONYMS,SYNONYMS,pinion,quill,shaft,quill feather,quill pen,
QUILLS,MEANINGS,ANTONYMS,SYNONYMS,pinion,quill,shaft,quill feather,quill pen,
QUILLWORT,MEANINGS,noun,any of several spore-bearing aquatic or marsh plants having short rhizomes and leaves resembling quills; worldwide except polynesia,fern ally,ANTONYMS,SYNONYMS,quillwort,
QUILT,MEANINGS,verb,stitch or sew together,join,conjoin,quilt the skirt,verb,create by stitching together,sew,tailor,tailor-make,ANTONYMS,SYNONYMS,comfort,quilt,comforter,puff,
QUILTED,MEANINGS,adjective,made of layers of fabric held together by patterned stitching,ANTONYMS,SYNONYMS,quilt,quilted,
QUILTING,MEANINGS,noun,stitching through layers of fabric and a filling so as to create a design,sewing stitch,embroidery stitch,noun,a material used for making a quilt, or a quilted fabric,fabric,cloth,material,textile,ANTONYMS,SYNONYMS,quilting,quilt,
QUILTINGS,MEANINGS,ANTONYMS,SYNONYMS,quilting,quilt,
QUILTS,MEANINGS,ANTONYMS,SYNONYMS,comfort,quilt,comforter,puff,
QUIN,MEANINGS,ANTONYMS,SYNONYMS,quintuplet,quint,quin,
QUINACRINE,MEANINGS,noun,a drug (trade name atabrine) used to treat certain worm infestations and once used to treat malaria,antimalarial,antimalarial drug,vermifuge,anthelmintic,anthelminthic,helminthic,ANTONYMS,SYNONYMS,mepacrine,quinacrine,quinacrine hydrochloride,atabrine,
QUINCE,MEANINGS,noun,small asian tree with pinkish flowers and pear-shaped fruit; widely cultivated,fruit tree,noun,aromatic acid-tasting pear-shaped fruit used in preserves,edible fruit,pome,false fruit,ANTONYMS,SYNONYMS,quince bush,cydonia oblonga,quince,
QUINCENTENARY,MEANINGS,ANTONYMS,SYNONYMS,quincentennial,quincentenary,
QUINCENTENNIAL,MEANINGS,adjective,of or relating to a 500th anniversary,the quincentennial celebration of the founding of the city,ANTONYMS,SYNONYMS,quincentennial,quincentenary,
QUINCES,MEANINGS,ANTONYMS,SYNONYMS,quince bush,cydonia oblonga,quince,
QUINCY,MEANINGS,noun,american patriot who presented the colonists' grievances to the english king (1744-1775),ANTONYMS,SYNONYMS,quincy,josiah quincy,
QUINCIES,MEANINGS,ANTONYMS,SYNONYMS,quincy,josiah quincy,
QUINIDINE,MEANINGS,noun,cardiac drug (trade names quinidex and quinora) used to treat certain heart arrhythmias,antiarrhythmic,antiarrhythmic drug,antiarrhythmic medication,ANTONYMS,SYNONYMS,quinora,quinidine,quinidex,
QUININE,MEANINGS,noun,a bitter alkaloid extracted from chinchona bark; used in malaria therapy,antimalarial,antimalarial drug,ANTONYMS,SYNONYMS,quinine,
QUININES,MEANINGS,ANTONYMS,SYNONYMS,quinine,
QUINONE,MEANINGS,noun,any of a class of aromatic yellow compounds including several that are biologically important as coenzymes or acceptors or vitamins; used in making dyes,compound,chemical compound,ANTONYMS,SYNONYMS,quinone,benzoquinone,
QUINONES,MEANINGS,ANTONYMS,SYNONYMS,quinone,benzoquinone,
QUINQUAGESIMA,MEANINGS,noun,the sunday before ash wednesday (the beginning of lent),christian holy day,ANTONYMS,SYNONYMS,quinquagesima sunday,quinquagesima,
QUINQUEFOLIATE,MEANINGS,adjective,(of a leaf shape) having five leaflets,ANTONYMS,SYNONYMS,quinquefoliate,
QUINQUENNIA,MEANINGS,ANTONYMS,SYNONYMS,quinquennium,
QUINQUENNIUM,MEANINGS,noun,a period of five years,time period,period of time,period,ANTONYMS,SYNONYMS,quinquennium,
QUINQUENNIUMS,MEANINGS,ANTONYMS,SYNONYMS,quinquennium,
QUINS,MEANINGS,ANTONYMS,SYNONYMS,quintuplet,quint,quin,
QUINSY,MEANINGS,noun,a painful pus filled inflammation of the tonsils and surrounding tissues; usually a complication of tonsillitis,angina,ANTONYMS,SYNONYMS,quinsy,peritonsillar abscess,
QUINSIES,MEANINGS,ANTONYMS,SYNONYMS,quinsy,peritonsillar abscess,
QUINT,MEANINGS,ANTONYMS,SYNONYMS,cinque,quintuplet,quint,quintet,pentad,
QUINTAL,MEANINGS,noun,a unit of weight equal to 100 kilograms,metric weight unit,weight unit,ANTONYMS,SYNONYMS,short hundredweight,cwt,centner,cental,hundredweight,
QUINTALS,MEANINGS,ANTONYMS,SYNONYMS,short hundredweight,cwt,centner,cental,hundredweight,
QUINTESSENCE,MEANINGS,noun,the fifth and highest element after air and earth and fire and water; was believed to be the substance composing all heavenly bodies,element,noun,the purest and most concentrated essence of something,kernel,substance,core,center,centre,essence,gist,heart,heart and soul,inwardness,marrow,meat,nub,pith,sum,nitty-gritty,noun,the most typical example or representative of a type,example,illustration,instance,representative,ANTONYMS,SYNONYMS,ether,quintessence,
QUINTESSENCES,MEANINGS,ANTONYMS,SYNONYMS,ether,quintessence,
QUINTESSENTIAL,MEANINGS,adjective,representing the perfect example of a class or quality,ANTONYMS,SYNONYMS,quintessential,
QUINTET,MEANINGS,noun,a musical composition for five performers,musical composition,opus,composition,piece,piece of music,noun,five performers or singers who perform together,musical organization,musical organisation,musical group,noun,a set of five similar things considered as a unit,set,noun,five people considered as a unit,gathering,assemblage,ANTONYMS,SYNONYMS,cinque,quintuplet,quintet,quintette,quint,
QUINTETS,MEANINGS,ANTONYMS,SYNONYMS,cinque,quintuplet,quintet,quintette,quint,
QUINTETTE,MEANINGS,ANTONYMS,SYNONYMS,quintuplet,quintet,quintette,fivesome,quintuple,
QUINTILLION,MEANINGS,noun,the number that is represented as a one followed by 18 zeros,large integer,ANTONYMS,SYNONYMS,quintillion,
QUINTILLIONS,MEANINGS,ANTONYMS,SYNONYMS,quintillion,
QUINTILLIONTH,MEANINGS,adjective,the ordinal number of one quintillion in counting order,ANTONYMS,SYNONYMS,quintillionth,one-quintillionth,
QUINTILLIONTHS,MEANINGS,ANTONYMS,SYNONYMS,quintillionth,one-quintillionth,
QUINTS,MEANINGS,ANTONYMS,SYNONYMS,cinque,quintuplet,quint,quintet,pentad,
QUINTUPLE,MEANINGS,adjective,having five units or components,ANTONYMS,SYNONYMS,quintuplet,quintet,quintette,fivefold,quintuple,
QUINTUPLED,MEANINGS,ANTONYMS,SYNONYMS,quintuple,
QUINTUPLES,MEANINGS,ANTONYMS,SYNONYMS,quintuplet,quintet,quintuple,quintette,
QUINTUPLET,MEANINGS,noun,one of five children born at the same time from the same pregnancy,sibling,sib,ANTONYMS,SYNONYMS,cinque,quintuplet,quint,quintet,pentad,
QUINTUPLETS,MEANINGS,ANTONYMS,SYNONYMS,cinque,quintuplet,quint,quintet,pentad,
QUINTUPLING,MEANINGS,noun,increasing by a factor of five,multiplication,ANTONYMS,SYNONYMS,quintupling,quintuple,
QUIP,MEANINGS,ANTONYMS,SYNONYMS,wisecrack,sally,crack,quip,epigram,
QUIPPED,MEANINGS,ANTONYMS,SYNONYMS,gag,quip,
QUIPPING,MEANINGS,ANTONYMS,SYNONYMS,gag,quip,
QUIPS,MEANINGS,ANTONYMS,SYNONYMS,wisecrack,sally,crack,quip,epigram,
QUIPU,MEANINGS,noun,calculator consisting of a cord with attached cords; used by ancient peruvians for calculating and keeping records,calculator,calculating machine,ANTONYMS,SYNONYMS,quipu,
QUIPUS,MEANINGS,ANTONYMS,SYNONYMS,quipu,
QUIRA,MEANINGS,noun,any of several tropical american trees some yielding economically important timber,tree,ANTONYMS,SYNONYMS,quira,panama redwood,
QUIRE,MEANINGS,noun,a quantity of paper; 24 or 25 sheets,definite quantity,ANTONYMS,SYNONYMS,quire,
QUIRES,MEANINGS,ANTONYMS,SYNONYMS,quire,
QUIRK,MEANINGS,noun,a narrow groove beside a beading,groove,channel,verb,twist or curve abruptly,twist,she quirked her head in a peculiar way,ANTONYMS,SYNONYMS,oddity,crotchet,quirkiness,quirk,queerness,
QUIRKED,MEANINGS,ANTONYMS,SYNONYMS,quirk,
QUIRKY,MEANINGS,ANTONYMS,SYNONYMS,far-out,way-out,offbeat,kinky,quirky,
QUIRKINESS,MEANINGS,ANTONYMS,SYNONYMS,oddity,crotchet,quirkiness,quirk,queerness,
QUIRKING,MEANINGS,ANTONYMS,SYNONYMS,quirk,
QUIRKS,MEANINGS,ANTONYMS,SYNONYMS,oddity,crotchet,quirkiness,quirk,queerness,
QUIRT,MEANINGS,noun,whip with a leather thong at the end,whip,ANTONYMS,SYNONYMS,quirt,
QUIRTS,MEANINGS,ANTONYMS,SYNONYMS,quirt,
QUISLING,MEANINGS,ANTONYMS,SYNONYMS,collaborator,quisling,collaborationist,
QUISLINGISM,MEANINGS,ANTONYMS,SYNONYMS,collaboration,collaborationism,quislingism,
QUISLINGS,MEANINGS,ANTONYMS,SYNONYMS,collaborator,quisling,collaborationist,
QUIT,MEANINGS,ANTONYMS,continue,take_office,stay,enter,SYNONYMS,quit,drop by the wayside,foreswear,leave office,take leave,
QUITCLAIM,MEANINGS,noun,document transferring title or right or claim to another,conveyance,noun,act of transferring a title or right or claim to another,transfer,transference,ANTONYMS,SYNONYMS,quitclaim deed,quitclaim,
QUITCLAIMS,MEANINGS,ANTONYMS,SYNONYMS,quitclaim deed,quitclaim,
QUITE,MEANINGS,adverb,to a degree (not used with a negative),quite tasty,quite soon,quite ill,quite rich,adverb,to the greatest extent; completely,you're quite right,she was quite alone,was quite mistaken,quite the opposite,not quite finished,did not quite make it,adverb,of an unusually noticeable or exceptional or remarkable kind (not used with a negative),her victory was quite something,she's quite a girl,quite a film,quite a walk,we've had quite an afternoon,adverb,actually or truly or to an extreme,was quite a sudden change,it's quite the thing to do,quite the rage,quite so!,ANTONYMS,SYNONYMS,quite an,quite a,quite,rather,
QUITING,MEANINGS,ANTONYMS,continue,take_office,stay,enter,SYNONYMS,quit,drop by the wayside,foreswear,leave office,take leave,
QUITO,MEANINGS,noun,the capital of ecuador,ANTONYMS,SYNONYMS,capital of ecuador,quito,
QUITS,MEANINGS,adjective,on equal terms by payment or requital,we're now quits,finally quits with the loan,ANTONYMS,continue,take_office,stay,enter,SYNONYMS,quit,drop by the wayside,foreswear,leave office,take leave,
QUITTANCE,MEANINGS,noun,a document or receipt certifying release from an obligation or debt,document,ANTONYMS,SYNONYMS,repayment,quittance,
QUITTANCES,MEANINGS,ANTONYMS,SYNONYMS,repayment,quittance,
QUITTED,MEANINGS,ANTONYMS,continue,take_office,stay,enter,SYNONYMS,quit,drop by the wayside,foreswear,leave office,take leave,
QUITTER,MEANINGS,noun,a person who gives up too easily,person,individual,someone,somebody,mortal,soul,ANTONYMS,SYNONYMS,quitter,
QUITTERS,MEANINGS,ANTONYMS,SYNONYMS,quitter,
QUITTING,MEANINGS,ANTONYMS,continue,take_office,stay,enter,SYNONYMS,quit,drop by the wayside,foreswear,leave office,take leave,
QUIVER,MEANINGS,noun,case for holding arrows,case,verb,shake with fast, tremulous movements,tremble,his nostrils palpitated,ANTONYMS,SYNONYMS,quake,vibration,flicker,beat,chill,
QUIVERED,MEANINGS,ANTONYMS,SYNONYMS,quake,quiver,flicker,flutter,beat,
QUIVERING,MEANINGS,ANTONYMS,SYNONYMS,quivering,quake,shakiness,vibration,quiver,
QUIVERS,MEANINGS,ANTONYMS,SYNONYMS,quake,vibration,flicker,beat,chill,
QUIXOTIC,MEANINGS,adjective,not sensible about practical matters; idealistic and unrealistic,as quixotic as a restoration of medieval knighthood,a romantic disregard for money,a wild-eyed dream of a world state,ANTONYMS,SYNONYMS,wild-eyed,quixotic,romantic,
QUIXOTICALLY,MEANINGS,adverb,in a quixotic manner,sent to jail for two years, he has quixotically refused to clear himself by betraying his colleagues,ANTONYMS,SYNONYMS,quixotically,
QUIXOTISM,MEANINGS,ANTONYMS,SYNONYMS,knight errantry,quixotism,
QUIZ,MEANINGS,verb,examine someone's knowledge of something,examine,the teacher tests us every week,we got quizzed on french irregular verbs,ANTONYMS,SYNONYMS,quiz,test,
QUIZMASTER,MEANINGS,ANTONYMS,SYNONYMS,question master,quizmaster,
QUIZMASTERS,MEANINGS,ANTONYMS,SYNONYMS,question master,quizmaster,
QUIZZED,MEANINGS,ANTONYMS,SYNONYMS,quiz,test,
QUIZZER,MEANINGS,ANTONYMS,SYNONYMS,quizzer,tester,examiner,
QUIZZERS,MEANINGS,ANTONYMS,SYNONYMS,quizzer,tester,examiner,
QUIZZES,MEANINGS,ANTONYMS,SYNONYMS,quiz,test,
QUIZZICAL,MEANINGS,ANTONYMS,SYNONYMS,questioning,teasing,quizzical,mocking,
QUIZZICALLY,MEANINGS,ANTONYMS,SYNONYMS,questioningly,quizzically,
QUIZZING,MEANINGS,ANTONYMS,SYNONYMS,quiz,test,
QUM,MEANINGS,noun,a city in northwestern iran; a place of pilgrimage for shiite muslims,ANTONYMS,SYNONYMS,qum,
QUODLIBET,MEANINGS,noun,an issue that is presented for formal disputation,issue,ANTONYMS,SYNONYMS,quodlibet,
QUOIN,MEANINGS,noun,expandable metal or wooden wedge used by printers to lock up a form within a chase,wedge,noun,the keystone of an arch,keystone,key,headstone,ANTONYMS,SYNONYMS,quoin,corner,coigne,coign,
QUOINS,MEANINGS,ANTONYMS,SYNONYMS,quoin,corner,coigne,coign,
QUOIT,MEANINGS,noun,game equipment consisting of a ring of iron or circle of rope used in playing the game of quoits,game equipment,ANTONYMS,SYNONYMS,quoit,
QUOITS,MEANINGS,noun,a game in which iron rings (or open iron rings) are thrown at a stake in the ground in the hope of encircling it,outdoor game,ANTONYMS,SYNONYMS,quoits,horseshoes,quoit,
QUONDAM,MEANINGS,ANTONYMS,SYNONYMS,former,quondam,onetime,sometime,one-time,
QUORATEAN,MEANINGS,noun,a group of languages of the hokan family,hokan,hoka,ANTONYMS,SYNONYMS,quoratean,
QUORUM,MEANINGS,noun,a gathering of the minimal number of members of an organization to conduct business,gathering,assemblage,ANTONYMS,SYNONYMS,quorum,
QUORUMS,MEANINGS,ANTONYMS,SYNONYMS,quorum,
QUOTA,MEANINGS,noun,a prescribed number,number,all the salesmen met their quota for the month,noun,a proportional share assigned to each participant,allotment,allocation,noun,a limitation on imports,trade barrier,import barrier,the quota for japanese imports was negotiated,ANTONYMS,SYNONYMS,quota,
QUOTABILITY,MEANINGS,noun,the quality of being worthy of being quoted,worthiness,ANTONYMS,SYNONYMS,quotability,
QUOTABLE,MEANINGS,adjective,suitable for or worthy of quotation,a quotable slogan,his remarks are not quotable in mixed company,ANTONYMS,unrepeatable,unquotable,SYNONYMS,quotable,repeatable,
QUOTAS,MEANINGS,ANTONYMS,SYNONYMS,quota,
QUOTATION,MEANINGS,noun,a passage or expression that is quoted or cited,excerpt,excerption,extract,selection,noun,a statement of the current market price of a security or commodity,statement,noun,the practice of quoting from books or plays etc.,practice,pattern,since he lacks originality he must rely on quotation,ANTONYMS,SYNONYMS,quotation,mention,reference,acknowledgment,citation,
QUOTATIONS,MEANINGS,ANTONYMS,SYNONYMS,quotation,mention,reference,acknowledgment,citation,
QUOTE,MEANINGS,verb,repeat a passage from,repeat,reiterate,ingeminate,iterate,restate,retell,he quoted the bible to her,verb,name the price of,give,quote prices for cars,verb,refer to for illustration or proof,mention,advert,bring up,cite,name,refer,he said he could quote several instances of this behavior,verb,put quote marks around,punctuate,mark,here the author is quoting his colleague,ANTONYMS,SYNONYMS,quotation,quotation mark,inverted comma,citation,cite,
QUOTED,MEANINGS,ANTONYMS,SYNONYMS,cite,quote,
QUOTER,MEANINGS,noun,a communicator (speaker or writer) who uses quotations,communicator,ANTONYMS,SYNONYMS,quoter,
QUOTERS,MEANINGS,ANTONYMS,SYNONYMS,quoter,
QUOTES,MEANINGS,ANTONYMS,SYNONYMS,quotation,quotation mark,inverted comma,citation,cite,
QUOTIDIAN,MEANINGS,ANTONYMS,SYNONYMS,everyday,quotidian,mundane,routine,unremarkable,
QUOTIENT,MEANINGS,noun,the ratio of two quantities to be divided,ratio,noun,the number obtained by division,number,ANTONYMS,SYNONYMS,quotient,
QUOTIENTS,MEANINGS,ANTONYMS,SYNONYMS,quotient,
QUOTING,MEANINGS,ANTONYMS,SYNONYMS,cite,quote,
QURAN,MEANINGS,ANTONYMS,SYNONYMS,quran,al-qur'an,koran,book,
QURUSH,MEANINGS,noun,20 qurush equal 1 riyal in saudi arabia,saudi arabian monetary unit,ANTONYMS,SYNONYMS,qurush,
QURUSHES,MEANINGS,ANTONYMS,SYNONYMS,qurush,
